-- MySQL dump 10.13  Distrib 8.0.31, for Win64 (x86_64)
--
-- Host: localhost    Database: app_flujo_caja
-- ------------------------------------------------------
-- Server version	8.0.31

/*!40101 SET @OLD_CHARACTER_SET_CLIENT=@@CHARACTER_SET_CLIENT */;
/*!40101 SET @OLD_CHARACTER_SET_RESULTS=@@CHARACTER_SET_RESULTS */;
/*!40101 SET @OLD_COLLATION_CONNECTION=@@COLLATION_CONNECTION */;
/*!50503 SET NAMES utf8mb4 */;
/*!40103 SET @OLD_TIME_ZONE=@@TIME_ZONE */;
/*!40103 SET TIME_ZONE='+00:00' */;
/*!40014 SET @OLD_UNIQUE_CHECKS=@@UNIQUE_CHECKS, UNIQUE_CHECKS=0 */;
/*!40014 SET @OLD_FOREIGN_KEY_CHECKS=@@FOREIGN_KEY_CHECKS, FOREIGN_KEY_CHECKS=0 */;
/*!40101 SET @OLD_SQL_MODE=@@SQL_MODE, SQL_MODE='NO_AUTO_VALUE_ON_ZERO' */;
/*!40111 SET @OLD_SQL_NOTES=@@SQL_NOTES, SQL_NOTES=0 */;

--
-- Table structure for table `alembic_version`
--

DROP TABLE IF EXISTS `alembic_version`;
/*!40101 SET @saved_cs_client     = @@character_set_client */;
/*!50503 SET character_set_client = utf8mb4 */;
CREATE TABLE `alembic_version` (
  `version_num` varchar(32) NOT NULL,
  PRIMARY KEY (`version_num`)
) ENGINE=InnoDB DEFAULT CHARSET=utf8mb4 COLLATE=utf8mb4_0900_ai_ci;
/*!40101 SET character_set_client = @saved_cs_client */;

--
-- Dumping data for table `alembic_version`
--

LOCK TABLES `alembic_version` WRITE;
/*!40000 ALTER TABLE `alembic_version` DISABLE KEYS */;
INSERT INTO `alembic_version` VALUES ('2b0774b182ba');
/*!40000 ALTER TABLE `alembic_version` ENABLE KEYS */;
UNLOCK TABLES;

--
-- Table structure for table `embarque`
--

DROP TABLE IF EXISTS `embarque`;
/*!40101 SET @saved_cs_client     = @@character_set_client */;
/*!50503 SET character_set_client = utf8mb4 */;
CREATE TABLE `embarque` (
  `embarque_id` int NOT NULL AUTO_INCREMENT,
  `fecha` date NOT NULL,
  `detalle` json DEFAULT NULL,
  `detalle_totales` json DEFAULT NULL,
  `extra` json DEFAULT NULL,
  `periodo_id` int DEFAULT NULL,
  PRIMARY KEY (`embarque_id`),
  KEY `periodo_id` (`periodo_id`),
  CONSTRAINT `embarque_ibfk_1` FOREIGN KEY (`periodo_id`) REFERENCES `periodo` (`periodo_id`)
) ENGINE=InnoDB AUTO_INCREMENT=83 DEFAULT CHARSET=utf8mb4 COLLATE=utf8mb4_0900_ai_ci;
/*!40101 SET character_set_client = @saved_cs_client */;

--
-- Dumping data for table `embarque`
--

LOCK TABLES `embarque` WRITE;
/*!40000 ALTER TABLE `embarque` DISABLE KEYS */;
INSERT INTO `embarque` VALUES (1,'2022-07-17','[{\"nave\": \"2\", \"total\": 470, \"parcela\": \"Km 17 Parcela\", \"hortaliza\": \"Tomate Bola\"}, {\"nave\": \"1\", \"total\": 92, \"parcela\": \"Km 28 Sobraya\", \"hortaliza\": \"Tomate Bola\"}]','[{\"hortaliza\": \"Tomate Bola\", \"total_terreno\": 562, \"total_procesado\": 505}]','\"{\\\"observacion\\\":\\\"\\\"}\"',3),(2,'2022-07-24','[{\"nave\": \"2\", \"total\": 608, \"parcela\": \"Km 17 Parcela\", \"hortaliza\": \"Tomate Bola\"}, {\"nave\": \"3\", \"total\": 111, \"parcela\": \"Km 17 Olivo\", \"hortaliza\": \"Tomate Bola\"}, {\"nave\": \"1\", \"total\": 361, \"parcela\": \"Km 28 Sobraya\", \"hortaliza\": \"Tomate Bola\"}, {\"nave\": \"2\", \"total\": 38, \"parcela\": \"Km 17 Parcela\", \"hortaliza\": \"Tomate Cherry\"}]','[{\"hortaliza\": \"Tomate Bola\", \"total_terreno\": 1080, \"total_procesado\": 994}, {\"hortaliza\": \"Tomate Cherry\", \"total_terreno\": 38, \"total_procesado\": 0}]','\"{\\\"observacion\\\":\\\"no se envio cherry\\\"}\"',3),(3,'2022-07-31','[{\"nave\": \"2\", \"total\": 706, \"parcela\": \"Km 17 Parcela\", \"hortaliza\": \"Tomate Bola\"}, {\"nave\": \"3\", \"total\": 191, \"parcela\": \"Km 17 Olivo\", \"hortaliza\": \"Tomate Bola\"}, {\"nave\": \"1\", \"total\": 14, \"parcela\": \"Km 17 Parcela\", \"hortaliza\": \"Tomate Bola\"}, {\"nave\": \"1\", \"total\": 723, \"parcela\": \"Km 28 Sobraya\", \"hortaliza\": \"Tomate Bola\"}]','[{\"hortaliza\": \"Tomate Bola\", \"total_terreno\": 1634, \"total_procesado\": 1451}]','\"{\\\"observacion\\\":\\\"cherry 51 *\\\"}\"',3),(4,'2022-08-07','[{\"nave\": \"2\", \"total\": 903, \"parcela\": \"Km 17 Parcela\", \"hortaliza\": \"Tomate Bola\"}, {\"nave\": \"1\", \"total\": 129, \"parcela\": \"Km 17 Parcela\", \"hortaliza\": \"Tomate Bola\"}, {\"nave\": \"3\", \"total\": 265, \"parcela\": \"Km 17 Olivo\", \"hortaliza\": \"Tomate Bola\"}, {\"nave\": \"1\", \"total\": 881, \"parcela\": \"Km 28 Sobraya\", \"hortaliza\": \"Tomate Bola\"}, {\"nave\": \"2\", \"total\": 19, \"parcela\": \"Km 28 Sobraya\", \"hortaliza\": \"Tomate Bola\"}, {\"nave\": \"3\", \"total\": 23, \"parcela\": \"Km 28 Sobraya\", \"hortaliza\": \"Tomate Bola\"}]','[{\"hortaliza\": \"Tomate Bola\", \"total_terreno\": 2220, \"total_procesado\": 1942}]','\"{\\\"observacion\\\":\\\"pera 62*\\\"}\"',3),(5,'2022-08-14','[{\"nave\": \"1\", \"total\": 294, \"parcela\": \"Km 17 Parcela\", \"hortaliza\": \"Tomate Bola\"}, {\"nave\": \"2\", \"total\": 1075, \"parcela\": \"Km 17 Parcela\", \"hortaliza\": \"Tomate Bola\"}, {\"nave\": \"3\", \"total\": 348, \"parcela\": \"Km 17 Olivo\", \"hortaliza\": \"Tomate Bola\"}, {\"nave\": \"1\", \"total\": 811, \"parcela\": \"Km 28 Sobraya\", \"hortaliza\": \"Tomate Bola\"}, {\"nave\": \"2\", \"total\": 126, \"parcela\": \"Km 28 Sobraya\", \"hortaliza\": \"Tomate Bola\"}, {\"nave\": \"3\", \"total\": 37, \"parcela\": \"Km 28 Sobraya\", \"hortaliza\": \"Tomate Bola\"}]','[{\"hortaliza\": \"Tomate Bola\", \"total_terreno\": 2691, \"total_procesado\": 2402}]','\"{\\\"observacion\\\":\\\"\\\"}\"',3),(6,'2022-08-18','[{\"nave\": \"1\", \"total\": 239, \"parcela\": \"Km 17 Parcela\", \"hortaliza\": \"Tomate Bola\"}, {\"nave\": \"2\", \"total\": 776, \"parcela\": \"Km 17 Parcela\", \"hortaliza\": \"Tomate Bola\"}, {\"nave\": \"3\", \"total\": 242, \"parcela\": \"Km 17 Olivo\", \"hortaliza\": \"Tomate Bola\"}, {\"nave\": \"1\", \"total\": 554, \"parcela\": \"Km 28 Sobraya\", \"hortaliza\": \"Tomate Bola\"}, {\"nave\": \"2\", \"total\": 123, \"parcela\": \"Km 28 Sobraya\", \"hortaliza\": \"Tomate Bola\"}, {\"nave\": \"3\", \"total\": 81, \"parcela\": \"Km 28 Sobraya\", \"hortaliza\": \"Tomate Bola\"}]','[{\"hortaliza\": \"Tomate Bola\", \"total_terreno\": 2015, \"total_procesado\": 1782}]','\"{\\\"observacion\\\":\\\"\\\"}\"',3),(7,'2022-08-21','[{\"nave\": \"1\", \"total\": 151, \"parcela\": \"Km 17 Parcela\", \"hortaliza\": \"Tomate Bola\"}, {\"nave\": \"2\", \"total\": 622, \"parcela\": \"Km 17 Parcela\", \"hortaliza\": \"Tomate Bola\"}, {\"nave\": \"3\", \"total\": 212, \"parcela\": \"Km 17 Olivo\", \"hortaliza\": \"Tomate Bola\"}, {\"nave\": \"1\", \"total\": 464, \"parcela\": \"Km 28 Sobraya\", \"hortaliza\": \"Tomate Bola\"}, {\"nave\": \"2\", \"total\": 179, \"parcela\": \"Km 28 Sobraya\", \"hortaliza\": \"Tomate Bola\"}, {\"nave\": \"3\", \"total\": 115, \"parcela\": \"Km 28 Sobraya\", \"hortaliza\": \"Tomate Bola\"}]','[{\"hortaliza\": \"Tomate Bola\", \"total_terreno\": 1743, \"total_procesado\": 1541}]','\"{\\\"observacion\\\":\\\"*ahi morron,cherry,aloevera sin registrar*\\\"}\"',3),(8,'2022-08-25','[{\"nave\": \"1\", \"total\": 191, \"parcela\": \"Km 17 Parcela\", \"hortaliza\": \"Tomate Bola\"}, {\"nave\": \"2\", \"total\": 654, \"parcela\": \"Km 17 Parcela\", \"hortaliza\": \"Tomate Bola\"}, {\"nave\": \"3\", \"total\": 258, \"parcela\": \"Km 17 Olivo\", \"hortaliza\": \"Tomate Bola\"}, {\"nave\": \"1\", \"total\": 433, \"parcela\": \"Km 28 Sobraya\", \"hortaliza\": \"Tomate Bola\"}, {\"nave\": \"2\", \"total\": 216, \"parcela\": \"Km 28 Sobraya\", \"hortaliza\": \"Tomate Bola\"}, {\"nave\": \"3\", \"total\": 154, \"parcela\": \"Km 28 Sobraya\", \"hortaliza\": \"Tomate Bola\"}]','[{\"hortaliza\": \"Tomate Bola\", \"total_terreno\": 1906, \"total_procesado\": 1780}]','\"{\\\"observacion\\\":\\\"\\\"}\"',3),(9,'2022-08-28','[{\"nave\": \"1\", \"total\": 151, \"parcela\": \"Km 17 Parcela\", \"hortaliza\": \"Tomate Bola\"}, {\"nave\": \"2\", \"total\": 551, \"parcela\": \"Km 17 Parcela\", \"hortaliza\": \"Tomate Bola\"}, {\"nave\": \"3\", \"total\": 236, \"parcela\": \"Km 17 Olivo\", \"hortaliza\": \"Tomate Bola\"}, {\"nave\": \"1\", \"total\": 399, \"parcela\": \"Km 28 Sobraya\", \"hortaliza\": \"Tomate Bola\"}, {\"nave\": \"2\", \"total\": 202, \"parcela\": \"Km 28 Sobraya\", \"hortaliza\": \"Tomate Bola\"}, {\"nave\": \"3\", \"total\": 124, \"parcela\": \"Km 28 Sobraya\", \"hortaliza\": \"Tomate Bola\"}]','[{\"hortaliza\": \"Tomate Bola\", \"total_terreno\": 1663, \"total_procesado\": 1512}]','\"{\\\"observacion\\\":\\\"\\\"}\"',3),(10,'2022-09-03','[{\"nave\": \"1\", \"total\": 342, \"parcela\": \"Km 17 Parcela\", \"hortaliza\": \"Tomate Bola\"}, {\"nave\": \"2\", \"total\": 815, \"parcela\": \"Km 17 Parcela\", \"hortaliza\": \"Tomate Bola\"}, {\"nave\": \"3\", \"total\": 482, \"parcela\": \"Km 17 Parcela\", \"hortaliza\": \"Tomate Bola\"}, {\"nave\": \"1\", \"total\": 752, \"parcela\": \"Km 28 Sobraya\", \"hortaliza\": \"Tomate Bola\"}, {\"nave\": \"2\", \"total\": 352, \"parcela\": \"Km 28 Sobraya\", \"hortaliza\": \"Tomate Bola\"}, {\"nave\": \"3\", \"total\": 226, \"parcela\": \"Km 28 Sobraya\", \"hortaliza\": \"Tomate Bola\"}]','[{\"hortaliza\": \"Tomate Bola\", \"total_terreno\": 2969, \"total_procesado\": 2710}]','\"{\\\"observacion\\\":\\\"52 cherry *\\\"}\"',3),(11,'2022-09-09','[{\"nave\": \"1\", \"total\": 519, \"parcela\": \"Km 17 Parcela\", \"hortaliza\": \"Tomate Bola\"}, {\"nave\": \"2\", \"total\": 1175, \"parcela\": \"Km 17 Parcela\", \"hortaliza\": \"Tomate Bola\"}, {\"nave\": \"3\", \"total\": 543, \"parcela\": \"Km 17 Olivo\", \"hortaliza\": \"Tomate Bola\"}, {\"nave\": \"1\", \"total\": 828, \"parcela\": \"Km 28 Sobraya\", \"hortaliza\": \"Tomate Bola\"}, {\"nave\": \"2\", \"total\": 449, \"parcela\": \"Km 28 Sobraya\", \"hortaliza\": \"Tomate Bola\"}, {\"nave\": \"3\", \"total\": 278, \"parcela\": \"Km 28 Sobraya\", \"hortaliza\": \"Tomate Bola\"}]','[{\"hortaliza\": \"Tomate Bola\", \"total_terreno\": 3792, \"total_procesado\": 3512}]','\"{\\\"observacion\\\":\\\"\\\"}\"',3),(12,'2022-09-17','[{\"nave\": \"1\", \"total\": 638, \"parcela\": \"Km 17 Parcela\", \"hortaliza\": \"Tomate Bola\"}, {\"nave\": \"2\", \"total\": 1615, \"parcela\": \"Km 17 Parcela\", \"hortaliza\": \"Tomate Bola\"}, {\"nave\": \"3\", \"total\": 691, \"parcela\": \"Km 17 Olivo\", \"hortaliza\": \"Tomate Bola\"}, {\"nave\": \"1\", \"total\": 821, \"parcela\": \"Km 28 Sobraya\", \"hortaliza\": \"Tomate Bola\"}, {\"nave\": \"2\", \"total\": 530, \"parcela\": \"Km 28 Sobraya\", \"hortaliza\": \"Tomate Bola\"}, {\"nave\": \"3\", \"total\": 288, \"parcela\": \"Km 28 Sobraya\", \"hortaliza\": \"Tomate Bola\"}]','[{\"hortaliza\": \"Tomate Bola\", \"total_terreno\": 4583, \"total_procesado\": 4140}]','\"{\\\"observacion\\\":\\\"\\\"}\"',3),(13,'2022-09-25','[{\"nave\": \"1\", \"total\": 438, \"parcela\": \"Km 17 Parcela\", \"hortaliza\": \"Tomate Bola\"}, {\"nave\": \"2\", \"total\": 409, \"parcela\": \"Km 17 Parcela\", \"hortaliza\": \"Tomate Bola\"}, {\"nave\": \"3\", \"total\": 411, \"parcela\": \"Km 17 Olivo\", \"hortaliza\": \"Tomate Bola\"}, {\"nave\": \"1\", \"total\": 541, \"parcela\": \"Km 28 Sobraya\", \"hortaliza\": \"Tomate Bola\"}, {\"nave\": \"2\", \"total\": 443, \"parcela\": \"Km 28 Sobraya\", \"hortaliza\": \"Tomate Bola\"}, {\"nave\": \"3\", \"total\": 209, \"parcela\": \"Km 28 Sobraya\", \"hortaliza\": \"Tomate Bola\"}]','[{\"hortaliza\": \"Tomate Bola\", \"total_terreno\": 2451, \"total_procesado\": 2473}]','\"{\\\"observacion\\\":\\\"*revisar * \\\"}\"',3),(14,'2022-09-29','[{\"nave\": \"1\", \"total\": 540, \"parcela\": \"Km 17 Parcela\", \"hortaliza\": \"Tomate Bola\"}, {\"nave\": \"2\", \"total\": 1028, \"parcela\": \"Km 17 Parcela\", \"hortaliza\": \"Tomate Bola\"}, {\"nave\": \"3\", \"total\": 508, \"parcela\": \"Km 17 Olivo\", \"hortaliza\": \"Tomate Bola\"}, {\"nave\": \"1\", \"total\": 793, \"parcela\": \"Km 28 Sobraya\", \"hortaliza\": \"Tomate Bola\"}, {\"nave\": \"2\", \"total\": 456, \"parcela\": \"Km 28 Sobraya\", \"hortaliza\": \"Tomate Bola\"}, {\"nave\": \"3\", \"total\": 251, \"parcela\": \"Km 28 Sobraya\", \"hortaliza\": \"Tomate Bola\"}]','[{\"hortaliza\": \"Tomate Bola\", \"total_terreno\": 3576, \"total_procesado\": 3329}]','\"{\\\"observacion\\\":\\\"\\\"}\"',3),(15,'2022-10-02','[{\"nave\": \"1\", \"total\": 347, \"parcela\": \"Km 17 Parcela\", \"hortaliza\": \"Tomate Bola\"}, {\"nave\": \"2\", \"total\": 1022, \"parcela\": \"Km 17 Parcela\", \"hortaliza\": \"Tomate Bola\"}, {\"nave\": \"3\", \"total\": 339, \"parcela\": \"Km 17 Olivo\", \"hortaliza\": \"Tomate Bola\"}, {\"nave\": \"1\", \"total\": 401, \"parcela\": \"Km 28 Sobraya\", \"hortaliza\": \"Tomate Bola\"}, {\"nave\": \"2\", \"total\": 543, \"parcela\": \"Km 28 Sobraya\", \"hortaliza\": \"Tomate Bola\"}, {\"nave\": \"3\", \"total\": 211, \"parcela\": \"Km 28 Sobraya\", \"hortaliza\": \"Tomate Bola\"}]','[{\"hortaliza\": \"Tomate Bola\", \"total_terreno\": 2863, \"total_procesado\": 2693}]','\"{\\\"observacion\\\":\\\"\\\"}\"',3),(16,'2022-10-09','[{\"nave\": \"1\", \"total\": 501, \"parcela\": \"Km 17 Parcela\", \"hortaliza\": \"Tomate Bola\"}, {\"nave\": \"2\", \"total\": 1053, \"parcela\": \"Km 17 Parcela\", \"hortaliza\": \"Tomate Bola\"}, {\"nave\": \"3\", \"total\": 550, \"parcela\": \"Km 17 Olivo\", \"hortaliza\": \"Tomate Bola\"}, {\"nave\": \"1\", \"total\": 619, \"parcela\": \"Km 28 Sobraya\", \"hortaliza\": \"Tomate Bola\"}, {\"nave\": \"2\", \"total\": 560, \"parcela\": \"Km 28 Sobraya\", \"hortaliza\": \"Tomate Bola\"}, {\"nave\": \"3\", \"total\": 260, \"parcela\": \"Km 28 Sobraya\", \"hortaliza\": \"Tomate Bola\"}]','[{\"hortaliza\": \"Tomate Bola\", \"total_terreno\": 3543, \"total_procesado\": 3336}]','\"{\\\"observacion\\\":\\\"\\\"}\"',3),(17,'2022-10-16','[{\"nave\": \"1\", \"total\": 624, \"parcela\": \"Km 17 Parcela\", \"hortaliza\": \"Tomate Bola\"}, {\"nave\": \"2\", \"total\": 939, \"parcela\": \"Km 17 Parcela\", \"hortaliza\": \"Tomate Bola\"}, {\"nave\": \"3\", \"total\": 790, \"parcela\": \"Km 17 Olivo\", \"hortaliza\": \"Tomate Bola\"}, {\"nave\": \"1\", \"total\": 510, \"parcela\": \"Km 28 Sobraya\", \"hortaliza\": \"Tomate Bola\"}, {\"nave\": \"2\", \"total\": 839, \"parcela\": \"Km 28 Sobraya\", \"hortaliza\": \"Tomate Bola\"}, {\"nave\": \"3\", \"total\": 463, \"parcela\": \"Km 28 Sobraya\", \"hortaliza\": \"Tomate Bola\"}]','[{\"hortaliza\": \"Tomate Bola\", \"total_terreno\": 4165, \"total_procesado\": 3819}]','\"{\\\"observacion\\\":\\\"* revisar * \\\"}\"',3),(18,'2022-10-20','[{\"nave\": \"1\", \"total\": 483, \"parcela\": \"Km 17 Parcela\", \"hortaliza\": \"Tomate Bola\"}, {\"nave\": \"2\", \"total\": 590, \"parcela\": \"Km 17 Parcela\", \"hortaliza\": \"Tomate Bola\"}, {\"nave\": \"3\", \"total\": 457, \"parcela\": \"Km 17 Olivo\", \"hortaliza\": \"Tomate Bola\"}, {\"nave\": \"1\", \"total\": 316, \"parcela\": \"Km 28 Sobraya\", \"hortaliza\": \"Tomate Bola\"}, {\"nave\": \"2\", \"total\": 551, \"parcela\": \"Km 28 Sobraya\", \"hortaliza\": \"Tomate Bola\"}, {\"nave\": \"3\", \"total\": 239, \"parcela\": \"Km 28 Sobraya\", \"hortaliza\": \"Tomate Bola\"}]','[{\"hortaliza\": \"Tomate Bola\", \"total_terreno\": 2636, \"total_procesado\": 2483}]','\"{\\\"observacion\\\":\\\"\\\"}\"',3),(19,'2022-10-23','[{\"nave\": \"1\", \"total\": 477, \"parcela\": \"Km 17 Parcela\", \"hortaliza\": \"Tomate Bola\"}, {\"nave\": \"2\", \"total\": 261, \"parcela\": \"Km 17 Parcela\", \"hortaliza\": \"Tomate Bola\"}, {\"nave\": \"3\", \"total\": 319, \"parcela\": \"Km 17 Olivo\", \"hortaliza\": \"Tomate Bola\"}, {\"nave\": \"1\", \"total\": 337, \"parcela\": \"Km 28 Sobraya\", \"hortaliza\": \"Tomate Bola\"}, {\"nave\": \"2\", \"total\": 374, \"parcela\": \"Km 28 Sobraya\", \"hortaliza\": \"Tomate Bola\"}, {\"nave\": \"3\", \"total\": 213, \"parcela\": \"Km 28 Sobraya\", \"hortaliza\": \"Tomate Bola\"}]','[{\"hortaliza\": \"Tomate Bola\", \"total_terreno\": 1981, \"total_procesado\": 1877}]','\"{\\\"observacion\\\":\\\"\\\"}\"',3),(20,'2022-10-27','[{\"nave\": \"1\", \"total\": 340, \"parcela\": \"Km 17 Parcela\", \"hortaliza\": \"Tomate Bola\"}, {\"nave\": \"2\", \"total\": 77, \"parcela\": \"Km 17 Parcela\", \"hortaliza\": \"Tomate Bola\"}, {\"nave\": \"3\", \"total\": 319, \"parcela\": \"Km 17 Olivo\", \"hortaliza\": \"Tomate Bola\"}, {\"nave\": \"1\", \"total\": 159, \"parcela\": \"Km 28 Sobraya\", \"hortaliza\": \"Tomate Bola\"}, {\"nave\": \"2\", \"total\": 390, \"parcela\": \"Km 28 Sobraya\", \"hortaliza\": \"Tomate Bola\"}, {\"nave\": \"3\", \"total\": 162, \"parcela\": \"Km 28 Sobraya\", \"hortaliza\": \"Tomate Bola\"}]','[{\"hortaliza\": \"Tomate Bola\", \"total_terreno\": 1447, \"total_procesado\": 1370}]','\"{\\\"observacion\\\":\\\"\\\"}\"',3),(21,'2022-10-30','[{\"nave\": \"1\", \"total\": 220, \"parcela\": \"Km 17 Parcela\", \"hortaliza\": \"Tomate Bola\"}, {\"nave\": \"2\", \"total\": 51, \"parcela\": \"Km 17 Parcela\", \"hortaliza\": \"Tomate Bola\"}, {\"nave\": \"3\", \"total\": 224, \"parcela\": \"Km 17 Olivo\", \"hortaliza\": \"Tomate Bola\"}, {\"nave\": \"1\", \"total\": 66, \"parcela\": \"Km 28 Sobraya\", \"hortaliza\": \"Tomate Bola\"}, {\"nave\": \"2\", \"total\": 249, \"parcela\": \"Km 28 Sobraya\", \"hortaliza\": \"Tomate Bola\"}, {\"nave\": \"3\", \"total\": 102, \"parcela\": \"Km 28 Sobraya\", \"hortaliza\": \"Tomate Bola\"}]','[{\"hortaliza\": \"Tomate Bola\", \"total_terreno\": 912, \"total_procesado\": 848}]','\"{\\\"observacion\\\":\\\"\\\"}\"',3),(22,'2022-11-06','[{\"nave\": \"1\", \"total\": 360, \"parcela\": \"Km 17 Parcela\", \"hortaliza\": \"Tomate Bola\"}, {\"nave\": \"2\", \"total\": 118, \"parcela\": \"Km 17 Parcela\", \"hortaliza\": \"Tomate Bola\"}, {\"nave\": \"3\", \"total\": 359, \"parcela\": \"Km 17 Olivo\", \"hortaliza\": \"Tomate Bola\"}, {\"nave\": \"1\", \"total\": 79, \"parcela\": \"Km 28 Sobraya\", \"hortaliza\": \"Tomate Bola\"}, {\"nave\": \"2\", \"total\": 319, \"parcela\": \"Km 28 Sobraya\", \"hortaliza\": \"Tomate Bola\"}, {\"nave\": \"3\", \"total\": 184, \"parcela\": \"Km 28 Sobraya\", \"hortaliza\": \"Tomate Bola\"}]','[{\"hortaliza\": \"Tomate Bola\", \"total_terreno\": 1419, \"total_procesado\": 1290}]','\"{\\\"observacion\\\":\\\"\\\"}\"',3),(23,'2022-11-13','[{\"nave\": \"1\", \"total\": 233, \"parcela\": \"Km 17 Parcela\", \"hortaliza\": \"Tomate Bola\"}, {\"nave\": \"2\", \"total\": 321, \"parcela\": \"Km 17 Parcela\", \"hortaliza\": \"Tomate Bola\"}, {\"nave\": \"3\", \"total\": 198, \"parcela\": \"Km 17 Olivo\", \"hortaliza\": \"Tomate Bola\"}, {\"nave\": \"1\", \"total\": 65, \"parcela\": \"Km 28 Sobraya\", \"hortaliza\": \"Tomate Bola\"}, {\"nave\": \"2\", \"total\": 208, \"parcela\": \"Km 28 Sobraya\", \"hortaliza\": \"Tomate Bola\"}, {\"nave\": \"3\", \"total\": 131, \"parcela\": \"Km 28 Sobraya\", \"hortaliza\": \"Tomate Bola\"}, {\"nave\": \"2\", \"total\": 38, \"parcela\": \"Km 17 Parcela\", \"hortaliza\": \"Tomate Cherry\"}]','[{\"hortaliza\": \"Tomate Bola\", \"total_terreno\": 1156, \"total_procesado\": 1034}, {\"hortaliza\": \"Tomate Cherry\", \"total_terreno\": 38, \"total_procesado\": 0}]','\"{\\\"observacion\\\":\\\"\\\"}\"',3),(24,'2022-11-18','[{\"nave\": \"1\", \"total\": 119, \"parcela\": \"Km 17 Parcela\", \"hortaliza\": \"Tomate Bola\"}, {\"nave\": \"2\", \"total\": 360, \"parcela\": \"Km 17 Parcela\", \"hortaliza\": \"Tomate Bola\"}, {\"nave\": \"3\", \"total\": 80, \"parcela\": \"Km 17 Olivo\", \"hortaliza\": \"Tomate Bola\"}, {\"nave\": \"1\", \"total\": 104, \"parcela\": \"Km 28 Sobraya\", \"hortaliza\": \"Tomate Bola\"}, {\"nave\": \"2\", \"total\": 78, \"parcela\": \"Km 28 Sobraya\", \"hortaliza\": \"Tomate Bola\"}, {\"nave\": \"3\", \"total\": 59, \"parcela\": \"Km 28 Sobraya\", \"hortaliza\": \"Tomate Bola\"}]','[{\"hortaliza\": \"Tomate Bola\", \"total_terreno\": 800, \"total_procesado\": 714}]','\"{\\\"observacion\\\":\\\"\\\"}\"',3),(25,'2022-11-27','[{\"nave\": \"1\", \"total\": 96, \"parcela\": \"Km 17 Parcela\", \"hortaliza\": \"Tomate Bola\"}, {\"nave\": \"2\", \"total\": 226, \"parcela\": \"Km 17 Parcela\", \"hortaliza\": \"Tomate Bola\"}, {\"nave\": \"3\", \"total\": 185, \"parcela\": \"Km 17 Olivo\", \"hortaliza\": \"Tomate Bola\"}, {\"nave\": \"1\", \"total\": 490, \"parcela\": \"Km 28 Sobraya\", \"hortaliza\": \"Tomate Bola\"}, {\"nave\": \"2\", \"total\": 26, \"parcela\": \"Km 28 Sobraya\", \"hortaliza\": \"Tomate Bola\"}, {\"nave\": \"3\", \"total\": 32, \"parcela\": \"Km 28 Sobraya\", \"hortaliza\": \"Tomate Bola\"}]','[{\"hortaliza\": \"Tomate Bola\", \"total_terreno\": 1055, \"total_procesado\": 799}]','\"{\\\"observacion\\\":\\\"\\\"}\"',3),(26,'2022-12-04','[{\"nave\": \"3\", \"total\": 102, \"parcela\": \"Km 17 Olivo\", \"hortaliza\": \"Tomate Bola\"}, {\"nave\": \"1\", \"total\": 574, \"parcela\": \"Km 28 Sobraya\", \"hortaliza\": \"Tomate Bola\"}, {\"nave\": \"3\", \"total\": 12, \"parcela\": \"Km 28 Sobraya\", \"hortaliza\": \"Tomate Bola\"}]','[{\"hortaliza\": \"Tomate Bola\", \"total_terreno\": 688, \"total_procesado\": 589}]','\"{\\\"observacion\\\":\\\"\\\"}\"',3),(27,'2022-12-10','[{\"nave\": \"1\", \"total\": 387, \"parcela\": \"Km 28 Sobraya\", \"hortaliza\": \"Tomate Bola\"}, {\"nave\": \"3\", \"total\": 14, \"parcela\": \"Km 17 Olivo\", \"hortaliza\": \"Tomate Bola\"}]','[{\"hortaliza\": \"Tomate Bola\", \"total_terreno\": 401, \"total_procesado\": 321}]','\"{\\\"observacion\\\":\\\"morron 74 * verificar*\\\"}\"',3),(28,'2021-08-08','[{\"nave\": \"2\", \"total\": 487, \"parcela\": \"Km 17 Parcela\", \"hortaliza\": \"Tomate Bola\"}, {\"nave\": \"3\", \"total\": 223, \"parcela\": \"Km 17 Olivo\", \"hortaliza\": \"Tomate Bola\"}, {\"nave\": \"3\", \"total\": 103, \"parcela\": \"Km 28 Sobraya\", \"hortaliza\": \"Tomate Bola\"}]','[{\"hortaliza\": \"Tomate Bola\", \"total_terreno\": 813, \"total_procesado\": 740}]','\"{\\\"observacion\\\":\\\"\\\"}\"',4),(29,'2021-08-12','[{\"nave\": \"2\", \"total\": 525, \"parcela\": \"Km 17 Parcela\", \"hortaliza\": \"Tomate Bola\"}, {\"nave\": \"3\", \"total\": 258, \"parcela\": \"Km 17 Olivo\", \"hortaliza\": \"Tomate Bola\"}, {\"nave\": \"3\", \"total\": 197, \"parcela\": \"Km 28 Sobraya\", \"hortaliza\": \"Tomate Bola\"}, {\"nave\": \"2\", \"total\": 7, \"parcela\": \"Km 28 Sobraya\", \"hortaliza\": \"Tomate Bola\"}]','[{\"hortaliza\": \"Tomate Bola\", \"total_terreno\": 987, \"total_procesado\": 901}]','\"{\\\"observacion\\\":\\\"\\\"}\"',4),(30,'2021-08-15','[{\"nave\": \"2\", \"total\": 452, \"parcela\": \"Km 17 Parcela\", \"hortaliza\": \"Tomate Bola\"}, {\"nave\": \"3\", \"total\": 253, \"parcela\": \"Km 17 Olivo\", \"hortaliza\": \"Tomate Bola\"}, {\"nave\": \"3\", \"total\": 181, \"parcela\": \"Km 28 Sobraya\", \"hortaliza\": \"Tomate Bola\"}, {\"nave\": \"2\", \"total\": 21, \"parcela\": \"Km 28 Sobraya\", \"hortaliza\": \"Tomate Bola\"}]','[{\"hortaliza\": \"Tomate Bola\", \"total_terreno\": 907, \"total_procesado\": 871}]','\"{\\\"observacion\\\":\\\"\\\"}\"',4),(31,'2021-08-19','[{\"nave\": \"2\", \"total\": 561, \"parcela\": \"Km 17 Parcela\", \"hortaliza\": \"Tomate Bola\"}, {\"nave\": \"3\", \"total\": 235, \"parcela\": \"Km 17 Olivo\", \"hortaliza\": \"Tomate Bola\"}, {\"nave\": \"3\", \"total\": 159, \"parcela\": \"Km 28 Sobraya\", \"hortaliza\": \"Tomate Bola\"}, {\"nave\": \"2\", \"total\": 54, \"parcela\": \"Km 28 Sobraya\", \"hortaliza\": \"Tomate Bola\"}]','[{\"hortaliza\": \"Tomate Bola\", \"total_terreno\": 1009, \"total_procesado\": 959}]','\"{\\\"observacion\\\":\\\"\\\"}\"',4),(32,'2021-08-22','[{\"nave\": \"2\", \"total\": 298, \"parcela\": \"Km 17 Parcela\", \"hortaliza\": \"Tomate Bola\"}, {\"nave\": \"3\", \"total\": 255, \"parcela\": \"Km 17 Olivo\", \"hortaliza\": \"Tomate Bola\"}, {\"nave\": \"1\", \"total\": 55, \"parcela\": \"Km 28 Sobraya\", \"hortaliza\": \"Tomate Bola\"}, {\"nave\": \"2\", \"total\": 159, \"parcela\": \"Km 28 Sobraya\", \"hortaliza\": \"Tomate Bola\"}, {\"nave\": \"3\", \"total\": 112, \"parcela\": \"Km 28 Sobraya\", \"hortaliza\": \"Tomate Bola\"}]','[{\"hortaliza\": \"Tomate Bola\", \"total_terreno\": 879, \"total_procesado\": 814}]','\"{\\\"observacion\\\":\\\"* ahi rodalero sin confirmar * \\\"}\"',4),(33,'2021-08-26','[{\"nave\": \"2\", \"total\": 392, \"parcela\": \"Km 17 Parcela\", \"hortaliza\": \"Tomate Bola\"}, {\"nave\": \"1\", \"total\": 36, \"parcela\": \"Km 17 Parcela\", \"hortaliza\": \"Tomate Bola\"}, {\"nave\": \"3\", \"total\": 192, \"parcela\": \"Km 17 Olivo\", \"hortaliza\": \"Tomate Bola\"}, {\"nave\": \"1\", \"total\": 180, \"parcela\": \"Km 28 Sobraya\", \"hortaliza\": \"Tomate Bola\"}, {\"nave\": \"3\", \"total\": 215, \"parcela\": \"Km 28 Sobraya\", \"hortaliza\": \"Tomate Bola\"}, {\"nave\": \"2\", \"total\": 236, \"parcela\": \"Km 28 Sobraya\", \"hortaliza\": \"Tomate Bola\"}]','[{\"hortaliza\": \"Tomate Bola\", \"total_terreno\": 1251, \"total_procesado\": 1146}]','\"{\\\"observacion\\\":\\\"\\\"}\"',4),(34,'2021-08-29','[{\"nave\": \"2\", \"total\": 184, \"parcela\": \"Km 17 Parcela\", \"hortaliza\": \"Tomate Bola\"}, {\"nave\": \"3\", \"total\": 211, \"parcela\": \"Km 17 Olivo\", \"hortaliza\": \"Tomate Bola\"}, {\"nave\": \"1\", \"total\": 28, \"parcela\": \"Km 17 Parcela\", \"hortaliza\": \"Tomate Bola\"}, {\"nave\": \"1\", \"total\": 187, \"parcela\": \"Km 28 Sobraya\", \"hortaliza\": \"Tomate Bola\"}, {\"nave\": \"2\", \"total\": 153, \"parcela\": \"Km 28 Sobraya\", \"hortaliza\": \"Tomate Bola\"}, {\"nave\": \"3\", \"total\": 93, \"parcela\": \"Km 28 Sobraya\", \"hortaliza\": \"Tomate Bola\"}]','[{\"hortaliza\": \"Tomate Bola\", \"total_terreno\": 856, \"total_procesado\": 786}]','\"{\\\"observacion\\\":\\\"* rodalero sin anotar *\\\"}\"',4),(35,'2021-09-02','[{\"nave\": \"2\", \"total\": 560, \"parcela\": \"Km 17 Parcela\", \"hortaliza\": \"Tomate Bola\"}, {\"nave\": \"1\", \"total\": 64, \"parcela\": \"Km 17 Parcela\", \"hortaliza\": \"Tomate Bola\"}, {\"nave\": \"3\", \"total\": 303, \"parcela\": \"Km 17 Olivo\", \"hortaliza\": \"Tomate Bola\"}, {\"nave\": \"1\", \"total\": 359, \"parcela\": \"Km 28 Sobraya\", \"hortaliza\": \"Tomate Bola\"}, {\"nave\": \"2\", \"total\": 281, \"parcela\": \"Km 28 Sobraya\", \"hortaliza\": \"Tomate Bola\"}, {\"nave\": \"3\", \"total\": 224, \"parcela\": \"Km 28 Sobraya\", \"hortaliza\": \"Tomate Bola\"}]','[{\"hortaliza\": \"Tomate Bola\", \"total_terreno\": 1791, \"total_procesado\": 1618}]','\"{\\\"observacion\\\":\\\"*ahi rodalero *\\\"}\"',4),(36,'2021-09-05','[{\"nave\": \"2\", \"total\": 414, \"parcela\": \"Km 17 Parcela\", \"hortaliza\": \"Tomate Bola\"}, {\"nave\": \"1\", \"total\": 108, \"parcela\": \"Km 17 Parcela\", \"hortaliza\": \"Tomate Bola\"}, {\"nave\": \"3\", \"total\": 231, \"parcela\": \"Km 17 Olivo\", \"hortaliza\": \"Tomate Bola\"}, {\"nave\": \"1\", \"total\": 332, \"parcela\": \"Km 28 Sobraya\", \"hortaliza\": \"Tomate Bola\"}, {\"nave\": \"2\", \"total\": 215, \"parcela\": \"Km 28 Sobraya\", \"hortaliza\": \"Tomate Bola\"}, {\"nave\": \"3\", \"total\": 207, \"parcela\": \"Km 28 Sobraya\", \"hortaliza\": \"Tomate Bola\"}]','[{\"hortaliza\": \"Tomate Bola\", \"total_terreno\": 1507, \"total_procesado\": 1376}]','\"{\\\"observacion\\\":\\\"rod. *\\\"}\"',4),(37,'2021-09-09','[{\"nave\": \"2\", \"total\": 568, \"parcela\": \"Km 17 Parcela\", \"hortaliza\": \"Tomate Bola\"}, {\"nave\": \"1\", \"total\": 189, \"parcela\": \"Km 17 Parcela\", \"hortaliza\": \"Tomate Bola\"}, {\"nave\": \"3\", \"total\": 321, \"parcela\": \"Km 17 Olivo\", \"hortaliza\": \"Tomate Bola\"}, {\"nave\": \"1\", \"total\": 472, \"parcela\": \"Km 28 Sobraya\", \"hortaliza\": \"Tomate Bola\"}, {\"nave\": \"2\", \"total\": 283, \"parcela\": \"Km 28 Sobraya\", \"hortaliza\": \"Tomate Bola\"}, {\"nave\": \"3\", \"total\": 262, \"parcela\": \"Km 28 Sobraya\", \"hortaliza\": \"Tomate Bola\"}]','[{\"hortaliza\": \"Tomate Bola\", \"total_terreno\": 2095, \"total_procesado\": 1930}]','\"{\\\"observacion\\\":\\\"\\\"}\"',4),(38,'2021-09-12','[{\"nave\": \"2\", \"total\": 487, \"parcela\": \"Km 17 Parcela\", \"hortaliza\": \"Tomate Bola\"}, {\"nave\": \"1\", \"total\": 286, \"parcela\": \"Km 17 Parcela\", \"hortaliza\": \"Tomate Bola\"}, {\"nave\": \"3\", \"total\": 343, \"parcela\": \"Km 17 Olivo\", \"hortaliza\": \"Tomate Bola\"}, {\"nave\": \"1\", \"total\": 443, \"parcela\": \"Km 28 Sobraya\", \"hortaliza\": \"Tomate Bola\"}, {\"nave\": \"2\", \"total\": 322, \"parcela\": \"Km 28 Sobraya\", \"hortaliza\": \"Tomate Bola\"}, {\"nave\": \"3\", \"total\": 230, \"parcela\": \"Km 28 Sobraya\", \"hortaliza\": \"Tomate Bola\"}]','[{\"hortaliza\": \"Tomate Bola\", \"total_terreno\": 2111, \"total_procesado\": 1933}]','\"{\\\"observacion\\\":\\\"\\\"}\"',4),(39,'2021-09-20','[{\"nave\": \"1\", \"total\": 412, \"parcela\": \"Km 17 Parcela\", \"hortaliza\": \"Tomate Bola\"}, {\"nave\": \"2\", \"total\": 690, \"parcela\": \"Km 17 Parcela\", \"hortaliza\": \"Tomate Bola\"}, {\"nave\": \"3\", \"total\": 338, \"parcela\": \"Km 17 Olivo\", \"hortaliza\": \"Tomate Bola\"}, {\"nave\": \"1\", \"total\": 660, \"parcela\": \"Km 28 Sobraya\", \"hortaliza\": \"Tomate Bola\"}, {\"nave\": \"2\", \"total\": 495, \"parcela\": \"Km 28 Sobraya\", \"hortaliza\": \"Tomate Bola\"}, {\"nave\": \"3\", \"total\": 230, \"parcela\": \"Km 28 Sobraya\", \"hortaliza\": \"Tomate Bola\"}]','[{\"hortaliza\": \"Tomate Bola\", \"total_terreno\": 2825, \"total_procesado\": 2604}]','\"{\\\"observacion\\\":\\\"\\\"}\"',4),(40,'2021-09-23','[{\"nave\": \"2\", \"total\": 461, \"parcela\": \"Km 17 Parcela\", \"hortaliza\": \"Tomate Bola\"}, {\"nave\": \"1\", \"total\": 310, \"parcela\": \"Km 17 Parcela\", \"hortaliza\": \"Tomate Bola\"}, {\"nave\": \"3\", \"total\": 244, \"parcela\": \"Km 17 Olivo\", \"hortaliza\": \"Tomate Bola\"}, {\"nave\": \"1\", \"total\": 630, \"parcela\": \"Km 28 Sobraya\", \"hortaliza\": \"Tomate Bola\"}, {\"nave\": \"2\", \"total\": 350, \"parcela\": \"Km 28 Sobraya\", \"hortaliza\": \"Tomate Bola\"}, {\"nave\": \"3\", \"total\": 276, \"parcela\": \"Km 28 Sobraya\", \"hortaliza\": \"Tomate Bola\"}]','[{\"hortaliza\": \"Tomate Bola\", \"total_terreno\": 2271, \"total_procesado\": 2111}]','\"{\\\"observacion\\\":\\\"* rodalero *\\\"}\"',4),(41,'2021-09-26','[{\"nave\": \"2\", \"total\": 755, \"parcela\": \"Km 17 Parcela\", \"hortaliza\": \"Tomate Bola\"}, {\"nave\": \"1\", \"total\": 549, \"parcela\": \"Km 17 Parcela\", \"hortaliza\": \"Tomate Bola\"}, {\"nave\": \"3\", \"total\": 444, \"parcela\": \"Km 17 Olivo\", \"hortaliza\": \"Tomate Bola\"}, {\"nave\": \"1\", \"total\": 551, \"parcela\": \"Km 28 Sobraya\", \"hortaliza\": \"Tomate Bola\"}, {\"nave\": \"2\", \"total\": 350, \"parcela\": \"Km 28 Sobraya\", \"hortaliza\": \"Tomate Bola\"}, {\"nave\": \"3\", \"total\": 273, \"parcela\": \"Km 28 Sobraya\", \"hortaliza\": \"Tomate Bola\"}]','[{\"hortaliza\": \"Tomate Bola\", \"total_terreno\": 2922, \"total_procesado\": 2746}]','\"{\\\"observacion\\\":\\\"\\\"}\"',4),(42,'2021-09-30','[{\"nave\": \"2\", \"total\": 731, \"parcela\": \"Km 17 Parcela\", \"hortaliza\": \"Tomate Bola\"}, {\"nave\": \"1\", \"total\": 525, \"parcela\": \"Km 17 Parcela\", \"hortaliza\": \"Tomate Bola\"}, {\"nave\": \"3\", \"total\": 344, \"parcela\": \"Km 17 Olivo\", \"hortaliza\": \"Tomate Bola\"}, {\"nave\": \"1\", \"total\": 548, \"parcela\": \"Km 28 Sobraya\", \"hortaliza\": \"Tomate Bola\"}, {\"nave\": \"2\", \"total\": 464, \"parcela\": \"Km 28 Sobraya\", \"hortaliza\": \"Tomate Bola\"}, {\"nave\": \"3\", \"total\": 256, \"parcela\": \"Km 28 Sobraya\", \"hortaliza\": \"Tomate Bola\"}]','[{\"hortaliza\": \"Tomate Bola\", \"total_terreno\": 2868, \"total_procesado\": 2693}]','\"{\\\"observacion\\\":\\\"\\\"}\"',4),(43,'2021-10-03','[{\"nave\": \"2\", \"total\": 498, \"parcela\": \"Km 17 Parcela\", \"hortaliza\": \"Tomate Bola\"}, {\"nave\": \"1\", \"total\": 318, \"parcela\": \"Km 17 Parcela\", \"hortaliza\": \"Tomate Bola\"}, {\"nave\": \"3\", \"total\": 253, \"parcela\": \"Km 17 Olivo\", \"hortaliza\": \"Tomate Bola\"}, {\"nave\": \"1\", \"total\": 482, \"parcela\": \"Km 28 Sobraya\", \"hortaliza\": \"Tomate Bola\"}, {\"nave\": \"2\", \"total\": 362, \"parcela\": \"Km 28 Sobraya\", \"hortaliza\": \"Tomate Bola\"}, {\"nave\": \"3\", \"total\": 200, \"parcela\": \"Km 28 Sobraya\", \"hortaliza\": \"Tomate Bola\"}]','[{\"hortaliza\": \"Tomate Bola\", \"total_terreno\": 2113, \"total_procesado\": 2001}]','\"{\\\"observacion\\\":\\\"\\\"}\"',4),(44,'2021-10-07','[{\"nave\": \"2\", \"total\": 461, \"parcela\": \"Km 17 Parcela\", \"hortaliza\": \"Tomate Bola\"}, {\"nave\": \"1\", \"total\": 310, \"parcela\": \"Km 17 Parcela\", \"hortaliza\": \"Tomate Bola\"}, {\"nave\": \"3\", \"total\": 265, \"parcela\": \"Km 17 Olivo\", \"hortaliza\": \"Tomate Bola\"}, {\"nave\": \"1\", \"total\": 546, \"parcela\": \"Km 28 Sobraya\", \"hortaliza\": \"Tomate Bola\"}, {\"nave\": \"2\", \"total\": 500, \"parcela\": \"Km 28 Sobraya\", \"hortaliza\": \"Tomate Bola\"}, {\"nave\": \"3\", \"total\": 250, \"parcela\": \"Km 28 Sobraya\", \"hortaliza\": \"Tomate Bola\"}]','[{\"hortaliza\": \"Tomate Bola\", \"total_terreno\": 2332, \"total_procesado\": 2178}]','\"{\\\"observacion\\\":\\\"\\\"}\"',4),(45,'2021-10-10','[{\"nave\": \"2\", \"total\": 750, \"parcela\": \"Km 17 Parcela\", \"hortaliza\": \"Tomate Bola\"}, {\"nave\": \"1\", \"total\": 249, \"parcela\": \"Km 17 Parcela\", \"hortaliza\": \"Tomate Bola\"}, {\"nave\": \"3\", \"total\": 346, \"parcela\": \"Km 17 Olivo\", \"hortaliza\": \"Tomate Bola\"}, {\"nave\": \"1\", \"total\": 463, \"parcela\": \"Km 28 Sobraya\", \"hortaliza\": \"Tomate Bola\"}, {\"nave\": \"2\", \"total\": 316, \"parcela\": \"Km 28 Sobraya\", \"hortaliza\": \"Tomate Bola\"}, {\"nave\": \"3\", \"total\": 181, \"parcela\": \"Km 28 Sobraya\", \"hortaliza\": \"Tomate Bola\"}]','[{\"hortaliza\": \"Tomate Bola\", \"total_terreno\": 2305, \"total_procesado\": 2150}]','\"{\\\"observacion\\\":\\\"\\\"}\"',4),(46,'2021-10-14','[{\"nave\": \"2\", \"total\": 818, \"parcela\": \"Km 17 Parcela\", \"hortaliza\": \"Tomate Bola\"}, {\"nave\": \"1\", \"total\": 415, \"parcela\": \"Km 17 Parcela\", \"hortaliza\": \"Tomate Bola\"}, {\"nave\": \"3\", \"total\": 484, \"parcela\": \"Km 17 Olivo\", \"hortaliza\": \"Tomate Bola\"}, {\"nave\": \"1\", \"total\": 514, \"parcela\": \"Km 28 Sobraya\", \"hortaliza\": \"Tomate Bola\"}, {\"nave\": \"2\", \"total\": 372, \"parcela\": \"Km 28 Sobraya\", \"hortaliza\": \"Tomate Bola\"}, {\"nave\": \"3\", \"total\": 227, \"parcela\": \"Km 28 Sobraya\", \"hortaliza\": \"Tomate Bola\"}]','[{\"hortaliza\": \"Tomate Bola\", \"total_terreno\": 2830, \"total_procesado\": 2622}]','\"{\\\"observacion\\\":\\\"\\\"}\"',4),(47,'2021-10-17','[{\"nave\": \"2\", \"total\": 543, \"parcela\": \"Km 17 Parcela\", \"hortaliza\": \"Tomate Bola\"}, {\"nave\": \"1\", \"total\": 322, \"parcela\": \"Km 17 Parcela\", \"hortaliza\": \"Tomate Bola\"}, {\"nave\": \"3\", \"total\": 260, \"parcela\": \"Km 17 Olivo\", \"hortaliza\": \"Tomate Bola\"}, {\"nave\": \"1\", \"total\": 399, \"parcela\": \"Km 28 Sobraya\", \"hortaliza\": \"Tomate Bola\"}, {\"nave\": \"2\", \"total\": 274, \"parcela\": \"Km 28 Sobraya\", \"hortaliza\": \"Tomate Bola\"}, {\"nave\": \"3\", \"total\": 118, \"parcela\": \"Km 28 Sobraya\", \"hortaliza\": \"Tomate Bola\"}]','[{\"hortaliza\": \"Tomate Bola\", \"total_terreno\": 1916, \"total_procesado\": 1779}]','\"{\\\"observacion\\\":\\\"\\\"}\"',4),(48,'2021-10-21','[{\"nave\": \"2\", \"total\": 770, \"parcela\": \"Km 17 Parcela\", \"hortaliza\": \"Tomate Bola\"}, {\"nave\": \"1\", \"total\": 426, \"parcela\": \"Km 17 Parcela\", \"hortaliza\": \"Tomate Bola\"}, {\"nave\": \"3\", \"total\": 380, \"parcela\": \"Km 17 Olivo\", \"hortaliza\": \"Tomate Bola\"}, {\"nave\": \"1\", \"total\": 367, \"parcela\": \"Km 28 Sobraya\", \"hortaliza\": \"Tomate Bola\"}, {\"nave\": \"2\", \"total\": 295, \"parcela\": \"Km 28 Sobraya\", \"hortaliza\": \"Tomate Bola\"}]','[{\"hortaliza\": \"Tomate Bola\", \"total_terreno\": 2238, \"total_procesado\": 2054}]','\"{\\\"observacion\\\":\\\"\\\"}\"',4),(49,'2021-10-24','[{\"nave\": \"2\", \"total\": 448, \"parcela\": \"Km 17 Parcela\", \"hortaliza\": \"Tomate Bola\"}, {\"nave\": \"1\", \"total\": 311, \"parcela\": \"Km 17 Parcela\", \"hortaliza\": \"Tomate Bola\"}, {\"nave\": \"3\", \"total\": 239, \"parcela\": \"Km 17 Olivo\", \"hortaliza\": \"Tomate Bola\"}, {\"nave\": \"1\", \"total\": 309, \"parcela\": \"Km 28 Sobraya\", \"hortaliza\": \"Tomate Bola\"}, {\"nave\": \"2\", \"total\": 189, \"parcela\": \"Km 28 Sobraya\", \"hortaliza\": \"Tomate Bola\"}, {\"nave\": \"3\", \"total\": 241, \"parcela\": \"Km 28 Sobraya\", \"hortaliza\": \"Tomate Bola\"}]','[{\"hortaliza\": \"Tomate Bola\", \"total_terreno\": 1737, \"total_procesado\": 1575}]','\"{\\\"observacion\\\":\\\"\\\"}\"',4),(50,'2021-10-28','[{\"nave\": \"2\", \"total\": 402, \"parcela\": \"Km 17 Parcela\", \"hortaliza\": \"Tomate Bola\"}, {\"nave\": \"1\", \"total\": 251, \"parcela\": \"Km 17 Parcela\", \"hortaliza\": \"Tomate Bola\"}, {\"nave\": \"3\", \"total\": 220, \"parcela\": \"Km 17 Olivo\", \"hortaliza\": \"Tomate Bola\"}, {\"nave\": \"1\", \"total\": 406, \"parcela\": \"Km 28 Sobraya\", \"hortaliza\": \"Tomate Bola\"}, {\"nave\": \"2\", \"total\": 310, \"parcela\": \"Km 28 Sobraya\", \"hortaliza\": \"Tomate Bola\"}, {\"nave\": \"3\", \"total\": 109, \"parcela\": \"Km 28 Sobraya\", \"hortaliza\": \"Tomate Bola\"}]','[{\"hortaliza\": \"Tomate Bola\", \"total_terreno\": 1698, \"total_procesado\": 1560}]','\"{\\\"observacion\\\":\\\"\\\"}\"',4),(51,'2021-10-31','[{\"nave\": \"2\", \"total\": 260, \"parcela\": \"Km 17 Parcela\", \"hortaliza\": \"Tomate Bola\"}, {\"nave\": \"1\", \"total\": 176, \"parcela\": \"Km 17 Parcela\", \"hortaliza\": \"Tomate Bola\"}, {\"nave\": \"3\", \"total\": 102, \"parcela\": \"Km 17 Olivo\", \"hortaliza\": \"Tomate Bola\"}, {\"nave\": \"1\", \"total\": 353, \"parcela\": \"Km 28 Sobraya\", \"hortaliza\": \"Tomate Bola\"}, {\"nave\": \"2\", \"total\": 350, \"parcela\": \"Km 28 Sobraya\", \"hortaliza\": \"Tomate Bola\"}, {\"nave\": \"3\", \"total\": 40, \"parcela\": \"Km 28 Sobraya\", \"hortaliza\": \"Tomate Bola\"}]','[{\"hortaliza\": \"Tomate Bola\", \"total_terreno\": 1281, \"total_procesado\": 1188}]','\"{\\\"observacion\\\":\\\"\\\"}\"',4),(52,'2021-11-04','[{\"nave\": \"2\", \"total\": 314, \"parcela\": \"Km 17 Parcela\", \"hortaliza\": \"Tomate Bola\"}, {\"nave\": \"1\", \"total\": 244, \"parcela\": \"Km 17 Parcela\", \"hortaliza\": \"Tomate Bola\"}, {\"nave\": \"3\", \"total\": 87, \"parcela\": \"Km 17 Olivo\", \"hortaliza\": \"Tomate Bola\"}, {\"nave\": \"1\", \"total\": 569, \"parcela\": \"Km 28 Sobraya\", \"hortaliza\": \"Tomate Bola\"}, {\"nave\": \"2\", \"total\": 402, \"parcela\": \"Km 28 Sobraya\", \"hortaliza\": \"Tomate Bola\"}, {\"nave\": \"3\", \"total\": 55, \"parcela\": \"Km 28 Sobraya\", \"hortaliza\": \"Tomate Bola\"}]','[{\"hortaliza\": \"Tomate Bola\", \"total_terreno\": 1671, \"total_procesado\": 1506}]','\"{\\\"observacion\\\":\\\"\\\"}\"',4),(53,'2021-11-07','[{\"nave\": \"2\", \"total\": 145, \"parcela\": \"Km 17 Parcela\", \"hortaliza\": \"Tomate Bola\"}, {\"nave\": \"1\", \"total\": 135, \"parcela\": \"Km 17 Parcela\", \"hortaliza\": \"Tomate Bola\"}, {\"nave\": \"3\", \"total\": 37, \"parcela\": \"Km 17 Olivo\", \"hortaliza\": \"Tomate Bola\"}, {\"nave\": \"1\", \"total\": 437, \"parcela\": \"Km 28 Sobraya\", \"hortaliza\": \"Tomate Bola\"}, {\"nave\": \"2\", \"total\": 294, \"parcela\": \"Km 28 Sobraya\", \"hortaliza\": \"Tomate Bola\"}, {\"nave\": \"3\", \"total\": 32, \"parcela\": \"Km 28 Sobraya\", \"hortaliza\": \"Tomate Bola\"}]','[{\"hortaliza\": \"Tomate Bola\", \"total_terreno\": 1080, \"total_procesado\": 978}]','\"{\\\"observacion\\\":\\\"\\\"}\"',4),(54,'2021-11-11','[{\"nave\": \"2\", \"total\": 152, \"parcela\": \"Km 17 Parcela\", \"hortaliza\": \"Tomate Bola\"}, {\"nave\": \"1\", \"total\": 123, \"parcela\": \"Km 17 Parcela\", \"hortaliza\": \"Tomate Bola\"}, {\"nave\": \"3\", \"total\": 11, \"parcela\": \"Km 17 Olivo\", \"hortaliza\": \"Tomate Bola\"}, {\"nave\": \"1\", \"total\": 430, \"parcela\": \"Km 28 Sobraya\", \"hortaliza\": \"Tomate Bola\"}, {\"nave\": \"2\", \"total\": 224, \"parcela\": \"Km 28 Sobraya\", \"hortaliza\": \"Tomate Bola\"}]','[{\"hortaliza\": \"Tomate Bola\", \"total_terreno\": 940, \"total_procesado\": 815}]','\"{\\\"observacion\\\":\\\"\\\"}\"',4),(55,'2021-11-18','[{\"nave\": \"2\", \"total\": 108, \"parcela\": \"Km 17 Parcela\", \"hortaliza\": \"Tomate Bola\"}, {\"nave\": \"1\", \"total\": 66, \"parcela\": \"Km 17 Parcela\", \"hortaliza\": \"Tomate Bola\"}, {\"nave\": \"1\", \"total\": 464, \"parcela\": \"Km 28 Sobraya\", \"hortaliza\": \"Tomate Bola\"}, {\"nave\": \"2\", \"total\": 227, \"parcela\": \"Km 28 Sobraya\", \"hortaliza\": \"Tomate Bola\"}]','[{\"hortaliza\": \"Tomate Bola\", \"total_terreno\": 865, \"total_procesado\": 686}]','\"{\\\"observacion\\\":\\\"\\\"}\"',4),(56,'2020-08-13','[{\"nave\": \"1\", \"total\": 238, \"parcela\": \"Km 28 Sobraya\", \"hortaliza\": \"Tomate Bola\"}, {\"nave\": \"2\", \"total\": 288, \"parcela\": \"Km 17 Parcela\", \"hortaliza\": \"Tomate Bola\"}, {\"nave\": \"2\", \"total\": 232, \"parcela\": \"Km 17 Parcela\", \"hortaliza\": \"Tomate Bola\"}, {\"nave\": \"3\", \"total\": 170, \"parcela\": \"Km 17 Olivo\", \"hortaliza\": \"Tomate Bola\"}]','[{\"hortaliza\": \"Tomate Bola\", \"total_terreno\": 928, \"total_procesado\": 0}]','\"{\\\"observacion\\\":\\\"El km 28 toma en cuenta las 3 naves.\\\"}\"',5),(57,'2020-08-16','[{\"nave\": \"1\", \"total\": 484, \"parcela\": \"Km 28 Sobraya\", \"hortaliza\": \"Tomate Bola\"}, {\"nave\": \"2\", \"total\": 293, \"parcela\": \"Km 17 Parcela\", \"hortaliza\": \"Tomate Bola\"}, {\"nave\": \"3\", \"total\": 269, \"parcela\": \"Km 17 Olivo\", \"hortaliza\": \"Tomate Bola\"}]','[{\"hortaliza\": \"Tomate Bola\", \"total_terreno\": 1046, \"total_procesado\": 1106}]','\"{\\\"observacion\\\":\\\"\\\"}\"',5),(58,'2020-08-20','[{\"nave\": \"2\", \"total\": 466, \"parcela\": \"Km 17 Parcela\", \"hortaliza\": \"Tomate Bola\"}, {\"nave\": \"1\", \"total\": 730, \"parcela\": \"Km 28 Sobraya\", \"hortaliza\": \"Tomate Bola\"}, {\"nave\": \"3\", \"total\": 383, \"parcela\": \"Km 17 Olivo\", \"hortaliza\": \"Tomate Bola\"}]','[{\"hortaliza\": \"Tomate Bola\", \"total_terreno\": 1579, \"total_procesado\": 1655}]','\"{\\\"observacion\\\":\\\"\\\"}\"',5),(59,'2020-08-23','[{\"nave\": \"1\", \"total\": 905, \"parcela\": \"Km 28 Sobraya\", \"hortaliza\": \"Tomate Bola\"}, {\"nave\": \"3\", \"total\": 364, \"parcela\": \"Km 17 Olivo\", \"hortaliza\": \"Tomate Bola\"}, {\"nave\": \"2\", \"total\": 367, \"parcela\": \"Km 17 Parcela\", \"hortaliza\": \"Tomate Bola\"}]','[{\"hortaliza\": \"Tomate Bola\", \"total_terreno\": 1636, \"total_procesado\": 1702}]','\"{\\\"observacion\\\":\\\"\\\"}\"',5),(60,'2020-08-27','[{\"nave\": \"2\", \"total\": 451, \"parcela\": \"Km 17 Parcela\", \"hortaliza\": \"Tomate Bola\"}, {\"nave\": \"3\", \"total\": 410, \"parcela\": \"Km 17 Olivo\", \"hortaliza\": \"Tomate Bola\"}, {\"nave\": \"1\", \"total\": 1008, \"parcela\": \"Km 28 Sobraya\", \"hortaliza\": \"Tomate Bola\"}]','[{\"hortaliza\": \"Tomate Bola\", \"total_terreno\": 1869, \"total_procesado\": 1942}]','\"{\\\"observacion\\\":\\\"*\\\"}\"',5),(61,'2020-08-30','[{\"nave\": \"2\", \"total\": 459, \"parcela\": \"Km 17 Parcela\", \"hortaliza\": \"Tomate Bola\"}, {\"nave\": \"1\", \"total\": 1119, \"parcela\": \"Km 28 Sobraya\", \"hortaliza\": \"Tomate Bola\"}, {\"nave\": \"3\", \"total\": 331, \"parcela\": \"Km 17 Olivo\", \"hortaliza\": \"Tomate Bola\"}]','[{\"hortaliza\": \"Tomate Bola\", \"total_terreno\": 1909, \"total_procesado\": 2064}]','\"{\\\"observacion\\\":\\\"total terreno + 440 paulo lagos\\\"}\"',5),(62,'2020-09-03','[{\"nave\": \"2\", \"total\": 319, \"parcela\": \"Km 17 Parcela\", \"hortaliza\": \"Tomate Bola\"}, {\"nave\": \"3\", \"total\": 241, \"parcela\": \"Km 17 Olivo\", \"hortaliza\": \"Tomate Bola\"}, {\"nave\": \"1\", \"total\": 980, \"parcela\": \"Km 28 Sobraya\", \"hortaliza\": \"Tomate Bola\"}]','[{\"hortaliza\": \"Tomate Bola\", \"total_terreno\": 1540, \"total_procesado\": 1686}]','\"{\\\"observacion\\\":\\\"\\\"}\"',5),(63,'2020-09-06','[{\"nave\": \"2\", \"total\": 302, \"parcela\": \"Km 17 Parcela\", \"hortaliza\": \"Tomate Bola\"}, {\"nave\": \"3\", \"total\": 385, \"parcela\": \"Km 17 Olivo\", \"hortaliza\": \"Tomate Bola\"}, {\"nave\": \"1\", \"total\": 983, \"parcela\": \"Km 28 Sobraya\", \"hortaliza\": \"Tomate Bola\"}, {\"nave\": \"2\", \"total\": 426, \"parcela\": \"Km 17 Parcela\", \"hortaliza\": \"Tomate Bola\"}]','[{\"hortaliza\": \"Tomate Bola\", \"total_terreno\": 2096, \"total_procesado\": 1770}]','\"{\\\"observacion\\\":\\\"\\\"}\"',5),(64,'2020-09-10','[{\"nave\": \"2\", \"total\": 814, \"parcela\": \"Km 17 Parcela\", \"hortaliza\": \"Tomate Bola\"}, {\"nave\": \"3\", \"total\": 463, \"parcela\": \"Km 17 Olivo\", \"hortaliza\": \"Tomate Bola\"}, {\"nave\": \"1\", \"total\": 1262, \"parcela\": \"Km 28 Sobraya\", \"hortaliza\": \"Tomate Bola\"}]','[{\"hortaliza\": \"Tomate Bola\", \"total_terreno\": 2539, \"total_procesado\": 2300}]','\"{\\\"observacion\\\":\\\"toritos = 1318\\\\ngamela = 1554\\\"}\"',5),(65,'2020-09-13','[{\"nave\": \"2\", \"total\": 376, \"parcela\": \"Km 17 Parcela\", \"hortaliza\": \"Tomate Bola\"}, {\"nave\": \"3\", \"total\": 434, \"parcela\": \"Km 17 Olivo\", \"hortaliza\": \"Tomate Bola\"}, {\"nave\": \"1\", \"total\": 903, \"parcela\": \"Km 28 Sobraya\", \"hortaliza\": \"Tomate Bola\"}]','[{\"hortaliza\": \"Tomate Bola\", \"total_terreno\": 1713, \"total_procesado\": 1500}]','\"{\\\"observacion\\\":\\\"\\\"}\"',5),(66,'2020-09-17','[{\"nave\": \"2\", \"total\": 64, \"parcela\": \"Km 17 Parcela\", \"hortaliza\": \"Tomate Bola\"}, {\"nave\": \"3\", \"total\": 405, \"parcela\": \"Km 17 Olivo\", \"hortaliza\": \"Tomate Bola\"}, {\"nave\": \"1\", \"total\": 719, \"parcela\": \"Km 28 Sobraya\", \"hortaliza\": \"Tomate Bola\"}]','[{\"hortaliza\": \"Tomate Bola\", \"total_terreno\": 1188, \"total_procesado\": 1096}]','\"{\\\"observacion\\\":\\\"\\\"}\"',5),(67,'2020-09-20','[{\"nave\": \"2\", \"total\": 744, \"parcela\": \"Km 17 Parcela\", \"hortaliza\": \"Tomate Bola\"}, {\"nave\": \"3\", \"total\": 309, \"parcela\": \"Km 17 Olivo\", \"hortaliza\": \"Tomate Bola\"}, {\"nave\": \"1\", \"total\": 1025, \"parcela\": \"Km 28 Sobraya\", \"hortaliza\": \"Tomate Bola\"}]','[{\"hortaliza\": \"Tomate Bola\", \"total_terreno\": 2078, \"total_procesado\": 1850}]','\"{\\\"observacion\\\":\\\"1218 gamela\\\\n1220 toros\\\"}\"',5),(68,'2020-09-24','[{\"nave\": \"2\", \"total\": 593, \"parcela\": \"Km 17 Parcela\", \"hortaliza\": \"Tomate Bola\"}, {\"nave\": \"3\", \"total\": 456, \"parcela\": \"Km 17 Olivo\", \"hortaliza\": \"Tomate Bola\"}, {\"nave\": \"1\", \"total\": 1021, \"parcela\": \"Km 28 Sobraya\", \"hortaliza\": \"Tomate Bola\"}]','[{\"hortaliza\": \"Tomate Bola\", \"total_terreno\": 2070, \"total_procesado\": 1820}]','\"{\\\"observacion\\\":\\\"1234 toro\\\\n1140 gamela\\\"}\"',5),(69,'2020-09-27','[{\"nave\": \"2\", \"total\": 540, \"parcela\": \"Km 17 Parcela\", \"hortaliza\": \"Tomate Bola\"}, {\"nave\": \"3\", \"total\": 461, \"parcela\": \"Km 17 Olivo\", \"hortaliza\": \"Tomate Bola\"}, {\"nave\": \"1\", \"total\": 850, \"parcela\": \"Km 28 Sobraya\", \"hortaliza\": \"Tomate Bola\"}]','[{\"hortaliza\": \"Tomate Bola\", \"total_terreno\": 1851, \"total_procesado\": 1620}]','\"{\\\"observacion\\\":\\\"1030 toro\\\\n1092 gamela\\\"}\"',5),(70,'2020-10-01','[{\"nave\": \"2\", \"total\": 572, \"parcela\": \"Km 17 Parcela\", \"hortaliza\": \"Tomate Bola\"}, {\"nave\": \"1\", \"total\": 1775, \"parcela\": \"Km 28 Sobraya\", \"hortaliza\": \"Tomate Bola\"}, {\"nave\": \"3\", \"total\": 404, \"parcela\": \"Km 17 Olivo\", \"hortaliza\": \"Tomate Bola\"}]','[{\"hortaliza\": \"Tomate Bola\", \"total_terreno\": 2751, \"total_procesado\": 2450}]','\"{\\\"observacion\\\":\\\"1570 toro\\\\n1512 gamela\\\"}\"',5),(71,'2020-10-04','[{\"nave\": \"2\", \"total\": 586, \"parcela\": \"Km 17 Parcela\", \"hortaliza\": \"Tomate Bola\"}, {\"nave\": \"1\", \"total\": 910, \"parcela\": \"Km 28 Sobraya\", \"hortaliza\": \"Tomate Bola\"}, {\"nave\": \"3\", \"total\": 391, \"parcela\": \"Km 17 Olivo\", \"hortaliza\": \"Tomate Bola\"}]','[{\"hortaliza\": \"Tomate Bola\", \"total_terreno\": 1887, \"total_procesado\": 1680}]','\"{\\\"observacion\\\":\\\"1125 toro\\\\n1092 gamela\\\"}\"',5),(72,'2020-10-08','[{\"nave\": \"2\", \"total\": 569, \"parcela\": \"Km 17 Parcela\", \"hortaliza\": \"Tomate Bola\"}, {\"nave\": \"1\", \"total\": 1756, \"parcela\": \"Km 28 Sobraya\", \"hortaliza\": \"Tomate Bola\"}, {\"nave\": \"3\", \"total\": 440, \"parcela\": \"Km 17 Olivo\", \"hortaliza\": \"Tomate Bola\"}]','[{\"hortaliza\": \"Tomate Bola\", \"total_terreno\": 2765, \"total_procesado\": 2580}]','\"{\\\"observacion\\\":\\\"1378 toro\\\\n1764 gamela\\\"}\"',5),(73,'2020-10-11','[{\"nave\": \"2\", \"total\": 633, \"parcela\": \"Km 17 Parcela\", \"hortaliza\": \"Tomate Bola\"}, {\"nave\": \"1\", \"total\": 833, \"parcela\": \"Km 28 Sobraya\", \"hortaliza\": \"Tomate Bola\"}, {\"nave\": \"3\", \"total\": 374, \"parcela\": \"Km 17 Olivo\", \"hortaliza\": \"Tomate Bola\"}, {\"nave\": \"2\", \"total\": 188, \"parcela\": \"Km 17 Parcela\", \"hortaliza\": \"Tomate Bola\"}]','[{\"hortaliza\": \"Tomate Bola\", \"total_terreno\": 2028, \"total_procesado\": 1620}]','\"{\\\"observacion\\\":\\\"1014 toro\\\\n1092 gamela\\\"}\"',5),(74,'2020-10-15','[{\"nave\": \"2\", \"total\": 431, \"parcela\": \"Km 17 Parcela\", \"hortaliza\": \"Tomate Bola\"}, {\"nave\": \"3\", \"total\": 408, \"parcela\": \"Km 17 Olivo\", \"hortaliza\": \"Tomate Bola\"}, {\"nave\": \"1\", \"total\": 957, \"parcela\": \"Km 28 Sobraya\", \"hortaliza\": \"Tomate Bola\"}]','[{\"hortaliza\": \"Tomate Bola\", \"total_terreno\": 1796, \"total_procesado\": 1512}]','\"{\\\"observacion\\\":\\\"\\\"}\"',5),(75,'2020-10-18','[{\"nave\": \"2\", \"total\": 381, \"parcela\": \"Km 17 Parcela\", \"hortaliza\": \"Tomate Bola\"}, {\"nave\": \"1\", \"total\": 835, \"parcela\": \"Km 28 Sobraya\", \"hortaliza\": \"Tomate Bola\"}, {\"nave\": \"3\", \"total\": 341, \"parcela\": \"Km 17 Olivo\", \"hortaliza\": \"Tomate Bola\"}]','[{\"hortaliza\": \"Tomate Bola\", \"total_terreno\": 1557, \"total_procesado\": 1460}]','\"{\\\"observacion\\\":\\\"398 toro\\\\n1260 gamela\\\"}\"',5),(76,'2020-10-22','[{\"nave\": \"2\", \"total\": 411, \"parcela\": \"Km 17 Parcela\", \"hortaliza\": \"Tomate Bola\"}, {\"nave\": \"1\", \"total\": 1051, \"parcela\": \"Km 28 Sobraya\", \"hortaliza\": \"Tomate Bola\"}, {\"nave\": \"3\", \"total\": 495, \"parcela\": \"Km 17 Olivo\", \"hortaliza\": \"Tomate Bola\"}]','[{\"hortaliza\": \"Tomate Bola\", \"total_terreno\": 1957, \"total_procesado\": 1728}]','\"{\\\"observacion\\\":\\\"574 toro\\\\n1428 gamela\\\"}\"',5),(77,'2020-10-25','[{\"nave\": \"2\", \"total\": 393, \"parcela\": \"Km 17 Parcela\", \"hortaliza\": \"Tomate Bola\"}, {\"nave\": \"3\", \"total\": 377, \"parcela\": \"Km 17 Olivo\", \"hortaliza\": \"Tomate Bola\"}, {\"nave\": \"1\", \"total\": 831, \"parcela\": \"Km 28 Sobraya\", \"hortaliza\": \"Tomate Bola\"}]','[{\"hortaliza\": \"Tomate Bola\", \"total_terreno\": 1601, \"total_procesado\": 1391}]','\"{\\\"observacion\\\":\\\"195 toro\\\\n1291 gamela\\\"}\"',5),(78,'2020-10-29','[{\"nave\": \"2\", \"total\": 320, \"parcela\": \"Km 17 Parcela\", \"hortaliza\": \"Tomate Bola\"}, {\"nave\": \"3\", \"total\": 349, \"parcela\": \"Km 17 Olivo\", \"hortaliza\": \"Tomate Bola\"}, {\"nave\": \"1\", \"total\": 526, \"parcela\": \"Km 28 Sobraya\", \"hortaliza\": \"Tomate Bola\"}]','[{\"hortaliza\": \"Tomate Bola\", \"total_terreno\": 1195, \"total_procesado\": 1100}]','\"{\\\"observacion\\\":\\\"125 toro\\\\n1053 gamela\\\"}\"',5),(79,'2020-11-01','[{\"nave\": \"2\", \"total\": 344, \"parcela\": \"Km 17 Parcela\", \"hortaliza\": \"Tomate Bola\"}, {\"nave\": \"3\", \"total\": 237, \"parcela\": \"Km 17 Olivo\", \"hortaliza\": \"Tomate Bola\"}, {\"nave\": \"1\", \"total\": 302, \"parcela\": \"Km 28 Sobraya\", \"hortaliza\": \"Tomate Bola\"}]','[{\"hortaliza\": \"Tomate Bola\", \"total_terreno\": 883, \"total_procesado\": 796}]','\"{\\\"observacion\\\":\\\"82 toro\\\\n756 gamela\\\"}\"',5),(80,'2020-11-05','[{\"nave\": \"2\", \"total\": 286, \"parcela\": \"Km 17 Parcela\", \"hortaliza\": \"Tomate Bola\"}, {\"nave\": \"1\", \"total\": 222, \"parcela\": \"Km 28 Sobraya\", \"hortaliza\": \"Tomate Bola\"}, {\"nave\": \"3\", \"total\": 153, \"parcela\": \"Km 17 Olivo\", \"hortaliza\": \"Tomate Bola\"}]','[{\"hortaliza\": \"Tomate Bola\", \"total_terreno\": 661, \"total_procesado\": 610}]','\"{\\\"observacion\\\":\\\"37 toro\\\\n583 gamela\\\"}\"',5),(81,'2020-11-12','[{\"nave\": \"2\", \"total\": 575, \"parcela\": \"Km 17 Parcela\", \"hortaliza\": \"Tomate Bola\"}, {\"nave\": \"1\", \"total\": 172, \"parcela\": \"Km 28 Sobraya\", \"hortaliza\": \"Tomate Bola\"}, {\"nave\": \"3\", \"total\": 141, \"parcela\": \"Km 17 Olivo\", \"hortaliza\": \"Tomate Bola\"}]','[{\"hortaliza\": \"Tomate Bola\", \"total_terreno\": 888, \"total_procesado\": 760}]','\"{\\\"observacion\\\":\\\"122 toro\\\\n693 gamela\\\"}\"',5),(82,'2020-11-19','[{\"nave\": \"2\", \"total\": 334, \"parcela\": \"Km 17 Parcela\", \"hortaliza\": \"Tomate Bola\"}, {\"nave\": \"1\", \"total\": 78, \"parcela\": \"Km 28 Sobraya\", \"hortaliza\": \"Tomate Bola\"}, {\"nave\": \"3\", \"total\": 44, \"parcela\": \"Km 17 Olivo\", \"hortaliza\": \"Tomate Bola\"}]','[{\"hortaliza\": \"Tomate Bola\", \"total_terreno\": 456, \"total_procesado\": 406}]','\"{\\\"observacion\\\":\\\"88 toro\\\\n361 gamela\\\"}\"',5);
/*!40000 ALTER TABLE `embarque` ENABLE KEYS */;
UNLOCK TABLES;

--
-- Table structure for table `empresa`
--

DROP TABLE IF EXISTS `empresa`;
/*!40101 SET @saved_cs_client     = @@character_set_client */;
/*!50503 SET character_set_client = utf8mb4 */;
CREATE TABLE `empresa` (
  `empresa_id` int NOT NULL AUTO_INCREMENT,
  `nombre_empresa` varchar(255) DEFAULT NULL,
  `usuario_id` int DEFAULT NULL,
  `rubro_empresa` varchar(255) DEFAULT NULL,
  PRIMARY KEY (`empresa_id`),
  KEY `usuario_id` (`usuario_id`),
  CONSTRAINT `empresa_ibfk_1` FOREIGN KEY (`usuario_id`) REFERENCES `usuario` (`usuario_id`)
) ENGINE=InnoDB AUTO_INCREMENT=7 DEFAULT CHARSET=utf8mb4 COLLATE=utf8mb4_0900_ai_ci;
/*!40101 SET character_set_client = @saved_cs_client */;

--
-- Dumping data for table `empresa`
--

LOCK TABLES `empresa` WRITE;
/*!40000 ALTER TABLE `empresa` DISABLE KEYS */;
INSERT INTO `empresa` VALUES (5,'Agricola Aurora',1,'Agricola'),(6,'test htproyect',NULL,'Comercial');
/*!40000 ALTER TABLE `empresa` ENABLE KEYS */;
UNLOCK TABLES;

--
-- Table structure for table `ingreso_gasto`
--

DROP TABLE IF EXISTS `ingreso_gasto`;
/*!40101 SET @saved_cs_client     = @@character_set_client */;
/*!50503 SET character_set_client = utf8mb4 */;
CREATE TABLE `ingreso_gasto` (
  `ingreso_gasto_id` int NOT NULL AUTO_INCREMENT,
  `ingreso` int DEFAULT NULL,
  `gasto` int DEFAULT NULL,
  `fecha` datetime NOT NULL,
  `empresa_id` int DEFAULT NULL,
  PRIMARY KEY (`ingreso_gasto_id`),
  KEY `empresa_id` (`empresa_id`),
  CONSTRAINT `ingreso_gasto_ibfk_1` FOREIGN KEY (`empresa_id`) REFERENCES `empresa` (`empresa_id`)
) ENGINE=InnoDB DEFAULT CHARSET=utf8mb4 COLLATE=utf8mb4_0900_ai_ci;
/*!40101 SET character_set_client = @saved_cs_client */;

--
-- Dumping data for table `ingreso_gasto`
--

LOCK TABLES `ingreso_gasto` WRITE;
/*!40000 ALTER TABLE `ingreso_gasto` DISABLE KEYS */;
/*!40000 ALTER TABLE `ingreso_gasto` ENABLE KEYS */;
UNLOCK TABLES;

--
-- Table structure for table `liquidacion`
--

DROP TABLE IF EXISTS `liquidacion`;
/*!40101 SET @saved_cs_client     = @@character_set_client */;
/*!50503 SET character_set_client = utf8mb4 */;
CREATE TABLE `liquidacion` (
  `liquidacion_id` int NOT NULL AUTO_INCREMENT,
  `fecha` date NOT NULL,
  `detalle` json DEFAULT NULL,
  `detalles_extras` json DEFAULT NULL,
  `total_venta` int DEFAULT NULL,
  `total_descuento` int DEFAULT NULL,
  `total_pago` int DEFAULT NULL,
  `periodo_id` int DEFAULT NULL,
  PRIMARY KEY (`liquidacion_id`),
  KEY `periodo_id` (`periodo_id`),
  CONSTRAINT `liquidacion_ibfk_1` FOREIGN KEY (`periodo_id`) REFERENCES `periodo` (`periodo_id`)
) ENGINE=InnoDB DEFAULT CHARSET=utf8mb4 COLLATE=utf8mb4_0900_ai_ci;
/*!40101 SET character_set_client = @saved_cs_client */;

--
-- Dumping data for table `liquidacion`
--

LOCK TABLES `liquidacion` WRITE;
/*!40000 ALTER TABLE `liquidacion` DISABLE KEYS */;
/*!40000 ALTER TABLE `liquidacion` ENABLE KEYS */;
UNLOCK TABLES;

--
-- Table structure for table `periodo`
--

DROP TABLE IF EXISTS `periodo`;
/*!40101 SET @saved_cs_client     = @@character_set_client */;
/*!50503 SET character_set_client = utf8mb4 */;
CREATE TABLE `periodo` (
  `periodo_id` int NOT NULL AUTO_INCREMENT,
  `periodo_fiscal` varchar(4) NOT NULL,
  `inicio` date NOT NULL,
  `termino` date NOT NULL,
  `empresa_id` int DEFAULT NULL,
  PRIMARY KEY (`periodo_id`),
  KEY `empresa_id` (`empresa_id`),
  CONSTRAINT `periodo_ibfk_1` FOREIGN KEY (`empresa_id`) REFERENCES `empresa` (`empresa_id`)
) ENGINE=InnoDB AUTO_INCREMENT=7 DEFAULT CHARSET=utf8mb4 COLLATE=utf8mb4_0900_ai_ci;
/*!40101 SET character_set_client = @saved_cs_client */;

--
-- Dumping data for table `periodo`
--

LOCK TABLES `periodo` WRITE;
/*!40000 ALTER TABLE `periodo` DISABLE KEYS */;
INSERT INTO `periodo` VALUES (3,'2022','2022-07-17','2022-12-10',5),(4,'2021','2021-08-08','2021-11-18',5),(5,'2020','2020-08-13','2020-12-25',5),(6,'2023','2023-03-01','2023-12-20',5);
/*!40000 ALTER TABLE `periodo` ENABLE KEYS */;
UNLOCK TABLES;

--
-- Table structure for table `usuario`
--

DROP TABLE IF EXISTS `usuario`;
/*!40101 SET @saved_cs_client     = @@character_set_client */;
/*!50503 SET character_set_client = utf8mb4 */;
CREATE TABLE `usuario` (
  `usuario_id` int NOT NULL AUTO_INCREMENT,
  `contrasena` varchar(255) NOT NULL,
  `usuario` varchar(255) NOT NULL,
  `nombre_completo` varchar(255) DEFAULT NULL,
  `rol` varchar(10) NOT NULL,
  PRIMARY KEY (`usuario_id`)
) ENGINE=InnoDB AUTO_INCREMENT=3 DEFAULT CHARSET=utf8mb4 COLLATE=utf8mb4_0900_ai_ci;
/*!40101 SET character_set_client = @saved_cs_client */;

--
-- Dumping data for table `usuario`
--

LOCK TABLES `usuario` WRITE;
/*!40000 ALTER TABLE `usuario` DISABLE KEYS */;
INSERT INTO `usuario` VALUES (1,'huber1998','huber98',NULL,''),(2,'138139','local',NULL,'');
/*!40000 ALTER TABLE `usuario` ENABLE KEYS */;
UNLOCK TABLES;
/*!40103 SET TIME_ZONE=@OLD_TIME_ZONE */;

/*!40101 SET SQL_MODE=@OLD_SQL_MODE */;
/*!40014 SET FOREIGN_KEY_CHECKS=@OLD_FOREIGN_KEY_CHECKS */;
/*!40014 SET UNIQUE_CHECKS=@OLD_UNIQUE_CHECKS */;
/*!40101 SET CHARACTER_SET_CLIENT=@OLD_CHARACTER_SET_CLIENT */;
/*!40101 SET CHARACTER_SET_RESULTS=@OLD_CHARACTER_SET_RESULTS */;
/*!40101 SET COLLATION_CONNECTION=@OLD_COLLATION_CONNECTION */;
/*!40111 SET SQL_NOTES=@OLD_SQL_NOTES */;

-- Dump completed on 2024-01-28 17:38:10
